listing_ID,town,est_rental_revenue_median,estimated_ADR,Est_adj_occupancy,active_days,booking_window,length_of_stay,dynamic_pricing,min_stay,management,Bedrooms,bathrooms,max_guests,listed_price,is_active,economic_Category,blocked_days,rating,Num_Reviews,beachfront,hot_tub,EV_charger,kitchen,pool,pets_allowed,smoking_allowed
1205963819672225857,Southend-on-sea,0,N/A,0,151,N/A,N/A,None,5,Individual,3,1,7,96,No,N/A,1,0,0,No,No,No,Yes,No,No,No
870111683833490126,Southend-on-sea,0,N/A,0,138,N/A,N/A,None,14,Individual,3,2.5,6,240,No,N/A,56,0,0,No,No,No,Yes,No,No,No
46934205,Southend-on-sea,0,N/A,0,101,N/A,N/A,None,1,Large,3,2,6,187,Yes,N/A,171,4.71,7,No,No,No,Yes,No,No,No
987440215251843897,Southend-on-sea,0,N/A,0,187,N/A,N/A,None,3,Small,3,2,6,431,Yes,N/A,179,4.55,0,No,No,No,Yes,No,No,No
1011456380483308029,Southend-on-sea,0,N/A,0,78,N/A,N/A,High,1,Small,3,2,6,228,No,N/A,63,N/A,0,No,No,No,Yes,No,No,No
1328503056084676101,Southend-on-sea,0,N/A,0,49,N/A,N/A,None,1,Small,3,1,7,185,No,N/A,0,N/A,0,No,No,No,Yes,No,No,No
21655790,Southend-on-sea,0,N/A,0,11,N/A,N/A,None,1,Large,3,1,4,72,No,N/A,151,4.53,116,No,No,No,Yes,No,No,No
42274650,Southend-on-sea,0,N/A,0,118,N/A,N/A,None,1,Individual,3,1,6,76,No,N/A,0,4.79,62,No,No,No,Yes,No,Yes,No
1025488315145820268,Southend-on-sea,0,N/A,0,357,N/A,N/A,None,3,Small,3,1.5,8,96,Yes,N/A,9,0,0,No,No,No,Yes,No,No,No
1234606574109875944,Southend-on-sea,0,N/A,0,102,N/A,N/A,None,1,Large,3,1,8,198,No,N/A,80,N/A,0,No,No,No,Yes,No,No,No
867428043609660988,Southend-on-sea,0,N/A,0,180,N/A,N/A,None,7,Small,3,1,6,175,Yes,N/A,186,0,0,No,No,No,Yes,No,Yes,No
1211474795039210899,Southend-on-sea,0,N/A,0,277,N/A,N/A,None,1,Small,3,1,3,277,Yes,N/A,1,1,0,No,Yes,No,Yes,No,No,No
1126169281585364324,Southend-on-sea,0,N/A,0,154,N/A,N/A,Low,15,Moderate,3,1.5,6,142,No,N/A,131,4.75,0,No,No,No,Yes,No,No,No
53186628,Southend-on-sea,0,N/A,0,145,N/A,N/A,None,2,Individual,3,1.5,5,143,Yes,N/A,221,4.83,12,No,No,No,Yes,No,Yes,No
1124835561955712974,Southend-on-sea,0,N/A,0,301,N/A,N/A,Low,3,Small,3,1,5,183,Yes,N/A,65,4.83,0,No,No,No,Yes,No,No,No
739167595591261109,Southend-on-sea,0,N/A,0,251,N/A,N/A,None,14,Moderate,3,1,6,209,Yes,N/A,115,5,0,No,No,No,Yes,No,No,No
49822782,Southend-on-sea,0,N/A,0,188,N/A,N/A,None,1,Small,3,4.5,3,289,Yes,N/A,178,N/A,0,No,No,No,Yes,No,Yes,Yes
817885980392928858,Southend-on-sea,0,N/A,0,113,N/A,N/A,None,1,Small,3,1.5,7,160,No,N/A,6,2,1,No,No,No,Yes,No,No,No
842566978525121299,Southend-on-sea,0,N/A,0,112,N/A,N/A,None,1,Large,3,1,6,284,No,N/A,152,5,1,No,No,No,Yes,No,No,No
1129331175469284658,Southend-on-sea,108,107.8,2,56,3,1,None,1,Individual,3,1.5,6,125,No,Midscale,0,5,0,No,No,No,Yes,No,No,No
1054985339719090402,Southend-on-sea,267,133.46,1,190,12,1,None,1,Individual,3,1,6,160,Yes,Midscale,176,5,1,No,No,No,Yes,No,No,No
967821499977314051,Southend-on-sea,428,213.88,1,184,164,2,None,2,Individual,3,1,8,250,Yes,Upscale,182,0,0,No,No,No,Yes,No,No,No
1170024864515222878,Southend-on-sea,513,73.25,11,65,2,2,None,1,Small,3,1,6,86,No,Midscale,14,4.33,3,No,No,No,Yes,No,No,No
1131929193840112093,Southend-on-sea,661,132.3,3,187,114,3,None,1,Large,3,1,6,156,Yes,Midscale,151,2,1,No,No,No,Yes,No,No,No
48867294,Southend-on-sea,835,24.57,18,190,2,4,None,3,Small,3,1.5,5,28,Yes,Economy,176,4.89,27,No,No,No,Yes,No,No,No
1269512911040173723,Southend-on-sea,875,87.49,38,26,5,3,Moderate,2,Individual,3,1,5,103,No,Midscale,6,3,1,No,No,No,Yes,No,No,No
1312959525349119948,Southend-on-sea,1088,108.77,15,66,6,3,None,1,Large,3,1,6,113,No,Midscale,40,2,1,No,No,No,Yes,No,No,No
1221546177075739562,Southend-on-sea,1121,186.83,5,114,27,3,None,1,Large,3,2,8,179,No,Upscale,77,4,1,No,No,No,Yes,No,No,No
645752158085940837,Southend-on-sea,1140,114,3,360,8,6,None,4,Small,3,3,6,146,Yes,Midscale,6,4.43,7,No,No,No,No,No,No,No
42675773,Southend-on-sea,1374,105.73,4,304,5,5,None,1,Small,3,1.5,5,28,Yes,Midscale,62,4.83,30,No,No,No,Yes,No,No,No
50539147,Southend-on-sea,1821,121.43,19,77,29,5,None,3,Large,3,1.5,8,109,No,Midscale,5,4,19,No,Yes,No,Yes,No,No,No
1012376351344180753,Southend-on-sea,1848,132,13,111,35,6,None,7,Moderate,3,1,5,191,No,Midscale,170,5,1,No,No,No,Yes,No,Yes,No
1279017455677114403,Southend-on-sea,1865,84.75,16,137,9,17,None,1,Small,3,1.5,5,117,No,Midscale,18,3,1,No,No,No,Yes,No,No,No
49048612,Southend-on-sea,1928,120.52,12,129,5,4,None,3,Large,3,1.5,6,142,No,Midscale,33,4.36,21,No,No,No,Yes,No,No,No
989262044739054179,Southend-on-sea,1943,194.25,8,119,2,3,High,2,Large,3,1,5,301,No,Upscale,0,N/A,0,No,No,No,Yes,No,Yes,No
901385350679535883,Southend-on-sea,2039,135.91,6,265,14,8,None,7,Moderate,3,2,7,203,Yes,Midscale,101,4.83,0,No,No,No,Yes,No,No,No
1348567383588262702,Southend-on-sea,2156,69.54,67,46,7,10,High,1,Moderate,3,2,6,81,No,Midscale,14,N/A,0,No,Yes,No,Yes,No,No,No
10680211,Southend-on-sea,2894,180.85,31,52,59,3,Low,2,Individual,3,2,6,210,Yes,Upscale,112,5,7,No,No,No,Yes,No,Yes,No
14925582,Southend-on-sea,3070,105.86,11,274,4,6,None,1,Small,3,1.5,5,122,Yes,Midscale,92,4.93,28,No,No,No,Yes,No,No,No
1233876062712997867,Southend-on-sea,3682,96.9,57,67,0,22,Moderate,2,Large,3,1,6,111,No,Midscale,11,4.69,0,No,No,No,Yes,No,No,No
1180970131217379595,Southend-on-sea,3745,107.01,33,106,8,13,None,2,Small,3,1,6,165,Yes,Midscale,222,0,0,No,No,No,Yes,No,No,No
1128902707220842780,Southend-on-sea,3936,119.26,42,79,8,26,None,1,Individual,3,1,5,173,No,Midscale,24,N/A,1,No,No,No,Yes,No,Yes,Yes
1289071023193722818,Southend-on-sea,4091,95.15,88,49,47,3,Moderate,2,Individual,3,2,6,98,Yes,Midscale,107,4.44,18,No,No,No,Yes,No,Yes,No
778987381470568324,Southend-on-sea,4129,187.67,9,239,71,7,None,3,Individual,3,3.5,5,233,Yes,Upscale,127,0,0,No,No,No,Yes,No,No,No
1046383335825314102,Southend-on-sea,4463,85.83,60,87,44,24,None,1,Small,3,1.5,7,117,No,Midscale,0,5,3,No,No,No,Yes,No,Yes,No
892743797926086305,Southend-on-sea,4532,141.63,26,122,1,22,None,3,Small,3,1.5,6,202,Yes,Upscale,114,N/A,0,No,No,No,Yes,No,Yes,No
1292115730021101087,Southend-on-sea,4731,75.09,41,155,5,7,None,2,Individual,3,1,6,95,Yes,Midscale,25,4,1,No,No,No,Yes,No,No,No
779502117920219532,Southend-on-sea,5220,84.19,49,127,2,6,None,1,Individual,3,1,5,107,No,Midscale,25,4.3,10,No,No,No,Yes,No,No,No
1265717207554883295,Southend-on-sea,5358,137.37,76,51,20,11,Moderate,1,Small,3,1.5,6,189,No,Midscale,26,4.81,0,No,No,No,Yes,No,Yes,No
46999412,Southend-on-sea,5600,73.69,65,117,9,16,None,4,Large,3,1,4,84,Yes,Midscale,52,5,4,No,No,No,Yes,No,No,No
1246955765329016870,Southend-on-sea,5606,95.02,80,74,63,59,None,7,Small,3,1,5,108,Yes,Midscale,138,5,1,No,No,No,Yes,No,No,No
1165715729429826243,Southend-on-sea,6068,134.84,49,92,11,18,Low,7,Individual,3,1.5,3,161,Yes,Midscale,235,3.5,2,No,No,No,Yes,No,Yes,No
1177408437218260228,Southend-on-sea,6295,131.14,30,158,17,7,None,1,Individual,3,1,6,142,Yes,Midscale,131,4.92,12,No,No,No,Yes,No,Yes,No
901394408512805822,Southend-on-sea,6561,142.62,21,224,0,34,None,7,Moderate,3,1.5,7,210,Yes,Upscale,142,4.83,0,No,No,No,Yes,No,Yes,No
916756068284772903,Southend-on-sea,6828,89.84,26,293,13,4,None,3,Individual,3,1,5,133,Yes,Midscale,73,5,3,No,No,No,Yes,No,No,No
1349122413399943366,Southend-on-sea,6898,135.26,57,89,5,4,High,2,Small,3,1,6,147,Yes,Midscale,6,5,7,No,No,No,Yes,No,No,No
1297871615203939195,Southend-on-sea,7378,160.4,85,54,32,13,Moderate,2,Moderate,3,1.5,5,111,Yes,Upscale,100,4.5,4,No,No,No,Yes,No,No,No
1133776948282456252,Southend-on-sea,7626,141.22,59,91,20,5,Moderate,1,Individual,3,1,5,162,No,Upscale,30,3.13,8,No,No,No,Yes,No,No,No
46079897,Southend-on-sea,7660,77.37,62,159,3,13,None,4,Large,3,1,5,94,Yes,Midscale,169,5,4,No,No,No,Yes,No,No,No
1312412351681901612,Southend-on-sea,7666,93.48,72,114,3,14,None,2,Individual,3,1,5,111,Yes,Midscale,17,5,3,No,No,No,Yes,No,Yes,No
809501303830183077,Southend-on-sea,7775,97.19,71,112,26,43,None,2,Individual,3,1.5,5,123,Yes,Midscale,194,5,4,No,No,No,Yes,No,No,No
1118022013774895383,Southend-on-sea,7816,132.48,50,117,13,4,High,2,Small,3,1,8,139,No,Midscale,6,4.33,15,No,No,No,Yes,No,Yes,No
725823036821709871,Southend-on-sea,7859,145.54,15,363,42,5,None,2,Small,3,2.5,8,186,Yes,Upscale,3,3.83,6,No,No,No,Yes,No,No,No
1226492854775541781,Southend-on-sea,8404,142.45,24,249,10,4,None,1,Individual,3,1.5,6,169,Yes,Upscale,13,5,9,No,No,No,Yes,No,No,No
686790607188121004,Southend-on-sea,8971,135.92,44,151,13,7,None,4,Small,3,1.5,5,175,No,Midscale,2,5,5,No,No,No,Yes,No,No,No
752159085222882772,Southend-on-sea,9152,86.34,34,314,24,8,Low,1,Small,3,1,6,121,Yes,Midscale,52,3.29,7,No,No,No,Yes,No,No,No
1222486706405583785,Southend-on-sea,9488,83.96,92,123,16,31,Unknown,1,Unknown,3,1,4,119,Yes,Midscale,155,3,1,No,No,No,Yes,No,No,No
862224458811074515,Southend-on-sea,9972,104.97,49,195,30,31,None,14,Moderate,3,2,7,149,No,Midscale,6,4.68,0,No,No,No,Yes,No,Yes,No
26809863,Southend-on-sea,10020,77.08,40,324,1,17,None,1,Large,3,1.5,4,104,No,Midscale,14,4.43,42,No,No,No,Yes,No,No,No
813169914280647802,Southend-on-sea,10313,88.91,41,284,26,4,None,1,Small,3,1,7,136,No,Midscale,72,4.2,5,No,No,No,Yes,No,No,No
1310963349029599795,Southend-on-sea,10621,100.2,74,143,4,24,High,2,Moderate,3,2,7,114,Yes,Midscale,9,4.58,12,No,No,No,Yes,No,No,No
653518127717273215,Southend-on-sea,10946,109.46,43,231,36,7,None,2,Individual,3,2,6,159,Yes,Midscale,135,5,3,No,No,No,Yes,No,No,No
887585981629732954,Southend-on-sea,11641,127.92,88,104,92,11,Moderate,3,Small,3,2,6,186,No,Midscale,66,5,5,No,No,No,Yes,No,Yes,No
1231889174024375303,Southend-on-sea,11807,134.18,52,170,45,2,None,1,Individual,3,1,6,137,Yes,Midscale,93,4.93,54,No,No,No,Yes,No,No,No
1153758945989371824,Southend-on-sea,12400,93.23,72,186,28,6,Low,3,Individual,3,1.5,6,106,No,Midscale,74,4.8,20,No,No,No,No,No,No,No
1214640936099353435,Southend-on-sea,12513,133.12,40,233,20,3,Low,2,Small,3,1.5,8,156,Yes,Midscale,43,4.13,8,No,No,No,Yes,No,Yes,No
784694575577197131,Southend-on-sea,12746,135.6,71,132,117,11,Low,2,Individual,3,1.5,8,166,No,Midscale,142,4.45,20,No,No,No,Yes,No,No,No
1290433941814962466,Southend-on-sea,12790,125.39,60,169,28,3,Low,1,Individual,3,1.5,6,108,Yes,Midscale,13,4.48,21,No,No,No,Yes,No,Yes,No
1239041113699602373,Southend-on-sea,13691,100.67,88,154,42,12,Moderate,4,Small,3,2.5,6,132,Yes,Midscale,93,5,7,No,No,No,Yes,No,No,No
1111705351328205269,Southend-on-sea,13709,71.4,78,247,31,17,None,2,Individual,3,1,5,98,No,Midscale,40,4.33,3,No,No,No,Yes,No,No,No
27669591,Southend-on-sea,13904,111.24,39,324,4,7,None,1,Large,3,1,5,118,Yes,Midscale,42,4.52,52,No,No,No,Yes,No,No,No
1113215897467461291,Southend-on-sea,13909,106.99,42,309,9,9,Moderate,4,Small,3,1,5,148,Yes,Midscale,57,5,2,No,No,No,Yes,No,No,No
1097593135453171567,Southend-on-sea,14978,118.88,39,321,7,5,None,1,Small,3,1,6,184,Yes,Midscale,45,3.5,2,No,No,No,Yes,No,No,No
929520907518760727,Southend-on-sea,15158,137.8,69,159,36,6,High,2,Moderate,3,2,6,149,No,Midscale,32,4.48,21,No,Yes,No,Yes,No,Yes,No
54314972,Southend-on-sea,15339,106.52,52,276,124,29,None,1,Small,3,1.5,6,140,Yes,Midscale,66,3.67,6,No,No,No,Yes,No,No,No
39161407,Southend-on-sea,15417,96.96,45,350,12,7,Low,5,Small,3,1.5,5,131,Yes,Midscale,16,5,34,No,No,No,Yes,No,No,No
824454005511957906,Southend-on-sea,15562,144.09,46,234,122,14,None,1,Individual,3,1.5,6,210,No,Upscale,66,5,3,No,No,No,Yes,No,No,No
972181817410903933,Southend-on-sea,15815,116.28,43,317,35,5,Low,1,Small,3,1.5,6,166,Yes,Midscale,49,4.33,3,No,No,No,Yes,No,No,No
587005169908649164,Southend-on-sea,15880,135.73,44,267,17,17,None,2,Individual,3,2,5,175,Yes,Midscale,9,5,41,No,No,No,Yes,No,Yes,No
885346016159738647,Southend-on-sea,17572,161.21,43,253,24,11,Moderate,3,Moderate,3,1.5,6,164,Yes,Upscale,113,5,1,No,No,No,Yes,No,No,No
1124689799190889433,Southend-on-sea,17687,116.36,60,254,17,9,Low,4,Moderate,3,1.5,6,156,No,Midscale,29,4.75,0,No,No,No,Yes,No,No,No
1003021426156287305,Southend-on-sea,18057,138.9,78,167,9,13,High,2,Moderate,3,1,5,172,No,Midscale,114,4.6,5,No,No,No,Yes,No,Yes,No
1111038372856871913,Southend-on-sea,18119,130.35,41,337,13,6,None,1,Small,3,1.5,8,181,Yes,Midscale,29,1,1,No,No,No,No,No,No,No
861288891878810848,Southend-on-sea,18228,134.03,47,288,17,8,High,3,Moderate,3,1,6,136,Yes,Midscale,78,4.92,12,No,No,No,Yes,No,No,No
658535688737691435,Southend-on-sea,18452,139.79,100,132,83,12,Low,2,Individual,3,1,4,159,No,Upscale,17,5,45,No,No,No,Yes,No,No,No
51239625,Southend-on-sea,18621,81.32,65,355,27,17,Low,3,Small,3,1,5,99,Yes,Midscale,11,4.69,32,No,No,No,Yes,No,Yes,No
1100545502634426305,Southend-on-sea,18779,114.5,65,251,14,11,High,3,Moderate,3,1,5,155,Yes,Midscale,115,3,2,No,No,No,Yes,No,No,No
53304813,Southend-on-sea,19407,262.25,88,84,27,27,High,2,Large,3,1.5,7,170,No,Upscale,171,4.14,14,No,No,No,Yes,No,No,No
1001883917434512541,Southend-on-sea,20128,184.66,92,118,22,20,None,2,Individual,3,2.5,8,238,Yes,Upscale,11,4.88,8,No,No,No,Yes,No,No,No
42859259,Southend-on-sea,20165,98.37,60,342,13,13,None,10,Individual,3,1.5,4,128,Yes,Midscale,24,5,44,No,No,No,Yes,No,No,No
45339072,Southend-on-sea,21224,118.57,50,355,17,16,None,2,Individual,3,1,5,185,Yes,Midscale,11,4.93,71,No,No,No,Yes,No,Yes,No
42826355,Southend-on-sea,21339,101.62,74,283,39,13,High,2,Large,3,2,8,125,No,Midscale,25,4.2,51,No,No,No,Yes,No,No,No
1165563063030799012,Southend-on-sea,21369,121.41,58,304,11,8,None,2,Small,3,1,5,175,Yes,Midscale,43,5,4,No,No,No,Yes,No,No,No
52593671,Southend-on-sea,21439,68.06,94,336,230,36,Moderate,3,Individual,3,1,4,84,Yes,Midscale,30,4.97,39,No,No,No,Yes,No,No,No
1252679347967690012,Southend-on-sea,21671,157.03,68,204,4,3,High,1,Large,3,1,10,190,Yes,Upscale,7,4.42,0,No,No,No,Yes,No,Yes,No
796888330384267928,Southend-on-sea,22112,127.82,79,218,41,6,None,2,Moderate,3,2,7,169,No,Midscale,12,4.13,8,No,No,No,Yes,No,Yes,No
907640391788655964,Southend-on-sea,22919,111.26,65,316,9,16,None,1,Individual,3,1.5,7,122,No,Midscale,18,4.93,29,No,No,No,Yes,No,No,No
643246721446441375,Southend-on-sea,23029,103.73,76,294,10,20,High,3,Moderate,3,1,6,106,Yes,Midscale,72,4.66,35,No,No,No,Yes,No,No,No
52560012,Southend-on-sea,24886,126.97,92,212,7,21,Low,5,Small,3,3,5,179,Yes,Midscale,154,4.91,11,No,No,No,Yes,No,No,No
31579095,Southend-on-sea,24909,161.75,44,353,44,3,Low,2,Individual,3,1,4,175,Yes,Upscale,13,4.85,154,No,No,No,Yes,No,Yes,No
816716658733322095,Southend-on-sea,25121,137.27,55,331,4,9,High,2,Moderate,3,2,7,174,Yes,Midscale,35,4.67,3,No,No,No,Yes,No,Yes,No
889974389147743372,Southend-on-sea,25176,106.23,81,292,14,21,High,7,Small,3,1,5,156,Yes,Midscale,74,4.76,25,No,No,No,Yes,No,Yes,No
51274356,Southend-on-sea,25284,89.34,79,356,23,11,Low,2,Small,3,2.5,6,115,Yes,Midscale,10,4.46,46,No,No,No,Yes,No,No,No
856194032291182662,Southend-on-sea,26363,162.73,49,329,16,6,High,2,Small,3,1.5,8,144,Yes,Upscale,37,4.68,53,No,No,No,Yes,No,Yes,No
1228308987043205578,Southend-on-sea,26958,158.58,70,242,18,10,High,3,Small,3,2,9,187,Yes,Upscale,20,5,9,No,No,No,Yes,No,Yes,No
17716461,Southend-on-sea,27132,100.12,75,363,125,6,Moderate,2,Individual,3,1,6,113,Yes,Midscale,3,4.9,367,No,No,No,Yes,No,No,No
937684189929284139,Southend-on-sea,28693,149.44,78,247,63,10,Low,2,Individual,3,3,6,169,No,Upscale,49,4.86,42,No,No,No,Yes,No,No,No
935564272872740602,Southend-on-sea,29418,105.44,81,344,8,13,High,2,Individual,3,1,7,136,Yes,Midscale,22,5,22,No,No,No,Yes,No,Yes,No
1046348142431164099,Southend-on-sea,30007,126.61,68,351,70,4,High,2,Small,3,1,6,128,Yes,Midscale,15,4.51,37,No,No,No,Yes,No,Yes,No
724584865988857229,Southend-on-sea,30599,110.86,80,344,69,3,High,2,Individual,3,1,6,114,Yes,Midscale,22,4.76,83,No,No,No,Yes,No,Yes,No
1162316285386464982,Southend-on-sea,30749,189.81,50,322,27,4,High,2,Small,3,1,6,169,Yes,Upscale,25,4.93,44,No,No,No,Yes,No,Yes,No
1112366982467388411,Southend-on-sea,30931,156.22,62,319,35,4,Low,1,Small,3,1.5,9,187,Yes,Upscale,33,4.1,20,No,No,No,Yes,No,Yes,No
1117404407981528683,Southend-on-sea,32427,141.6,76,302,8,3,Low,3,Individual,3,1,5,189,Yes,Upscale,64,5,2,No,No,No,Yes,No,No,No
982577895642171577,Southend-on-sea,33702,143.41,75,313,93,9,Moderate,4,Small,3,3,6,175,Yes,Upscale,53,4.94,32,No,No,No,Yes,No,No,No
874042784289822441,Southend-on-sea,36132,128.58,80,352,15,17,High,4,Moderate,3,1.5,6,200,No,Midscale,7,4,1,No,No,No,No,No,No,No
49002632,Southend-on-sea,38683,120.13,89,360,35,30,High,3,Large,3,1,11,135,Yes,Midscale,6,3.65,20,No,No,No,Yes,No,No,No
871004285945360987,Southend-on-sea,39794,174.54,68,336,88,6,High,1,Moderate,3,2,9,162,Yes,Upscale,30,4.55,75,No,No,No,Yes,No,Yes,No
862648858668947328,Southend-on-sea,43503,211.18,58,353,67,13,None,1,Individual,3,3,6,256,Yes,Upscale,13,5,77,No,No,No,Yes,No,Yes,No
989743900078909780,Southend-on-sea,48560,202.33,81,297,35,15,High,3,Individual,3,2.5,6,239,Yes,Upscale,69,4.63,30,No,No,No,Yes,No,No,No
872913740243580186,Southend-on-sea,51017,147.45,98,352,75,18,None,1,Individual,3,3,6,198,Yes,Upscale,14,5,23,No,No,Yes,Yes,No,No,No
39547046,Southend-on-sea,60224,176.61,93,366,6,3,None,6,Individual,3,2.5,6,236,Yes,Upscale,0,5,1,No,No,No,Yes,No,Yes,No
1017439078985057005,Chelmsford,0,N/A,0,48,N/A,N/A,None,1,Small,3,2,6,219,No,N/A,141,5,0,No,No,No,Yes,No,No,No
764686497385323534,Chelmsford,0,N/A,0,303,N/A,N/A,None,2,Moderate,3,2,10,144,Yes,N/A,63,3,2,No,No,No,Yes,No,No,No
1193444637027116894,Chelmsford,977,108.53,11,85,0,5,None,2,Small,3,1,5,127,Yes,Midscale,208,5,2,No,No,No,Yes,No,No,No
907022694726479173,Chelmsford,1180,196.68,2,365,37,4,None,2,Individual,3,2,8,266,Yes,Upscale,1,N/A,0,No,No,Yes,Yes,No,No,No
1345605008118095012,Chelmsford,1415,70.76,41,49,2,14,Unknown,1,Unknown,3,1,6,119,Yes,Economy,30,5,1,No,No,No,Yes,No,Yes,No
1243609541897394752,Chelmsford,1754,146.17,41,29,0,4,High,3,Small,3,1,5,180,Yes,Upscale,178,5,1,No,No,No,Yes,No,No,No
1335513231445648229,Chelmsford,1904,119.01,13,119,0,16,None,28,Moderate,3,1,9,143,Yes,Midscale,0,N/A,0,No,No,No,Yes,No,Yes,No
608528735257770176,Chelmsford,2903,116.1,8,306,2,4,None,3,Small,3,1,6,149,Yes,Midscale,60,5,4,No,No,No,Yes,No,No,No
1227599699840559683,Chelmsford,3603,105.96,33,104,1,7,High,2,Individual,3,1,7,128,No,Midscale,24,5,2,No,No,No,Yes,No,No,No
1256415897331779013,Chelmsford,3987,153.33,24,110,14,3,None,2,Small,3,1,6,188,No,Upscale,34,0,0,No,No,No,Yes,No,No,No
905778528092429679,Chelmsford,5488,130.66,23,184,56,2,None,1,Small,3,2,6,146,Yes,Midscale,182,4.43,7,No,No,No,Yes,No,Yes,Yes
1311505393133042249,Chelmsford,5761,144.02,98,41,6,40,None,4,Individual,3,1.5,6,167,No,Upscale,18,N/A,0,No,No,No,No,No,No,No
1017398824573241657,Chelmsford,6796,111.41,97,63,92,3,Moderate,1,Individual,3,2.5,5,113,No,Midscale,52,4.71,59,No,No,No,Yes,No,Yes,No
1140298507034705910,Chelmsford,9202,143.78,85,75,7,4,Unknown,1,Unknown,3,2,6,169,No,Upscale,49,5,10,No,No,No,Yes,No,Yes,Yes
1294855581091554615,Chelmsford,10029,133.72,79,95,22,9,High,3,Moderate,3,1,9,160,Yes,Midscale,36,4.67,6,No,No,No,Yes,No,Yes,No
1297702317779357478,Chelmsford,10342,149.89,50,139,18,5,Moderate,3,Individual,3,1,8,159,Yes,Upscale,20,4.94,16,No,No,No,Yes,No,Yes,No
1061780014847046249,Chelmsford,10777,163.29,25,268,22,2,Low,1,Individual,3,2,6,195,Yes,Upscale,31,4.94,16,No,No,No,Yes,No,No,No
1294374861917925009,Chelmsford,11066,115.27,70,138,24,10,Moderate,2,Small,3,2,7,133,Yes,Midscale,21,4.8,5,No,No,No,Yes,No,No,No
1152145711451753727,Chelmsford,11415,121.43,82,115,20,28,Low,2,Individual,3,1,6,195,Yes,Midscale,250,5,5,No,No,No,Yes,No,No,No
1141335952132355992,Chelmsford,12815,123.22,49,214,34,29,Low,2,Individual,3,2,5,152,Yes,Midscale,150,5,17,No,No,No,No,No,No,No
738098291482888572,Chelmsford,14547,114.55,63,201,15,23,High,4,Large,3,2.5,6,166,No,Midscale,135,4.75,4,No,No,No,Yes,No,Yes,No
54262751,Chelmsford,14976,129.11,37,316,3,8,None,2,Small,3,1,6,184,Yes,Midscale,50,4.67,18,No,No,No,Yes,No,No,No
44114513,Chelmsford,15378,160.18,41,237,30,6,None,3,Individual,3,2,5,169,Yes,Upscale,129,4.92,89,No,No,No,Yes,No,No,No
626888846969175367,Chelmsford,16256,107.65,98,154,99,10,None,1,Individual,3,2,3,149,No,Midscale,103,0,0,No,No,No,Yes,No,Yes,No
1177975971633464257,Chelmsford,16956,116.94,58,251,16,27,None,2,Moderate,3,1,5,146,Yes,Midscale,77,4.46,0,No,No,No,Yes,No,No,No
43101051,Chelmsford,17131,188.25,36,251,58,4,None,2,Small,3,1,8,236,No,Upscale,10,4.93,42,No,No,No,No,No,No,No
612817386238643408,Chelmsford,17473,120.5,74,197,7,30,High,7,Large,3,2.5,6,177,No,Midscale,93,4.76,17,No,No,No,Yes,No,Yes,No
34701242,Chelmsford,17872,107.66,68,243,46,3,Low,2,Individual,3,1,5,131,Yes,Midscale,123,4.79,112,No,No,No,Yes,No,Yes,No
1081041908753901502,Chelmsford,19496,98.97,75,263,12,14,High,2,Large,3,1.5,5,153,Yes,Midscale,103,4.83,6,No,No,No,No,No,Yes,No
39248180,Chelmsford,19595,114.59,49,347,6,30,None,2,Moderate,3,2,5,200,Yes,Midscale,9,5,4,No,No,No,Yes,No,No,No
858777216302467744,Chelmsford,19982,119.65,84,200,30,36,Moderate,10,Small,3,1.5,6,187,Yes,Midscale,166,4.75,8,No,No,No,Yes,No,Yes,No
874392325489337426,Chelmsford,21604,109.67,66,299,23,14,None,2,Individual,3,1,6,154,Yes,Midscale,67,5,12,No,No,No,Yes,No,No,No
34570327,Chelmsford,22004,110.57,77,260,51,6,Moderate,2,Small,3,1.5,6,131,No,Midscale,23,4.53,113,No,No,No,No,No,No,No
1022394260605036369,Chelmsford,22098,138.98,48,333,24,5,Moderate,2,Individual,3,2.5,5,154,Yes,Midscale,33,4.81,26,No,No,No,Yes,No,No,No
49434423,Chelmsford,22912,88.12,84,308,71,20,Low,5,Individual,3,1.5,6,122,Yes,Midscale,58,4.86,64,No,No,No,Yes,No,No,No
628797487204505823,Chelmsford,24175,101.15,67,356,18,10,High,4,Moderate,3,1.5,6,136,Yes,Midscale,10,4.64,11,No,No,No,Yes,No,No,No
993723502122151667,Chelmsford,24678,136.35,51,354,36,4,None,1,Small,3,1,4,172,Yes,Midscale,12,4.67,18,No,No,No,Yes,No,No,No
914374355814566482,Chelmsford,25461,134.72,94,201,96,27,Moderate,14,Small,3,1,5,188,Yes,Midscale,165,5,5,No,No,No,Yes,No,Yes,No
24482246,Chelmsford,27807,121.43,77,299,94,6,High,3,Individual,3,1,6,125,Yes,Midscale,67,4.89,195,No,No,No,Yes,No,No,No
50500732,Chelmsford,28589,108.29,77,345,15,16,Low,7,Small,3,1.5,6,139,Yes,Midscale,21,4.69,16,No,No,No,Yes,No,No,No
720266584320826579,Chelmsford,32649,122.74,74,361,124,9,Low,2,Individual,3,1.5,7,141,Yes,Midscale,5,4.96,107,No,No,No,Yes,No,No,No
928175139941216038,Chelmsford,39302,119.1,93,356,65,7,Low,2,Individual,3,1,5,144,Yes,Midscale,10,4.88,32,No,No,No,Yes,No,Yes,Yes
672652934889378423,Chelmsford,41105,141.26,99,295,65,4,High,3,Large,3,2,6,158,Yes,Midscale,71,4.67,9,No,Yes,No,Yes,No,No,No
828442093894435519,Chelmsford,43263,168.34,97,264,62,5,Low,1,Large,3,3,6,204,Yes,Upscale,102,4.86,22,No,No,No,Yes,No,No,No
833090916095700422,Chelmsford,46133,272.97,66,256,2,2,None,2,Individual,3,2.5,6,369,Yes,Upscale,110,5,1,No,No,No,Yes,No,No,No
52558035,Chelmsford,51983,189.03,96,286,86,11,High,2,Large,3,1,6,192,Yes,Upscale,80,4.83,6,No,No,No,Yes,No,Yes,No
28019070,Chelmsford,74166,466.45,60,266,125,7,Moderate,2,Individual,3,2,6,441,Yes,Upscale,100,4.96,232,No,No,No,Yes,No,No,No
996115485293147454,Colchester,0,N/A,0,264,N/A,N/A,None,7,Small,3,2.5,5,224,Yes,N/A,12,N/A,0,No,No,No,Yes,No,No,No
44439664,Colchester,0,N/A,0,165,N/A,N/A,High,1,Large,3,1,6,87,No,N/A,154,4.22,9,No,No,No,Yes,Yes,Yes,No
1049825226241382336,Colchester,0,N/A,0,162,N/A,N/A,Moderate,2,Individual,3,2,6,140,Yes,N/A,204,3,2,No,No,No,Yes,No,Yes,No
44239352,Colchester,0,N/A,0,102,N/A,N/A,None,1,Large,3,2,6,157,No,N/A,157,N/A,0,No,No,No,Yes,No,No,No
754358513534938378,Colchester,0,N/A,0,362,N/A,N/A,None,3,Small,3,1,6,114,Yes,N/A,4,1,1,No,No,No,Yes,No,No,No
956557000390878576,Colchester,0,N/A,0,60,N/A,N/A,Moderate,1,Large,3,2,6,145,No,N/A,0,N/A,1,No,No,No,Yes,No,Yes,No
1254203115492421064,Colchester,0,N/A,0,52,N/A,N/A,None,3,Small,3,1,4,116,No,N/A,0,0,0,No,No,No,Yes,No,Yes,No
1069524419227697977,Colchester,474,158.07,2,191,7,3,Low,1,Individual,3,1,5,160,Yes,Upscale,175,4,2,No,No,No,Yes,No,Yes,No
930601416797602619,Colchester,517,73.81,2,361,1,4,None,3,Small,3,1,6,90,Yes,Economy,5,N/A,0,No,No,No,Yes,No,No,No
1288418445965851592,Colchester,1060,81.5,14,95,15,21,None,1,Small,3,1,5,93,Yes,Midscale,91,N/A,0,No,No,No,Yes,No,Yes,No
621507793944842837,Colchester,1355,90.33,8,190,65,3,None,3,Individual,3,1.5,5,102,Yes,Midscale,176,4.33,6,No,No,No,Yes,No,No,No
1347355308107617687,Colchester,1502,107.27,14,97,16,3,Low,7,Moderate,3,1,6,139,Yes,Midscale,10,N/A,0,No,No,No,Yes,No,No,No
1221041074739015663,Colchester,1997,71.33,13,209,1,9,None,3,Small,3,1,5,87,Yes,Economy,21,4,3,No,No,No,Yes,No,Yes,No
1270202642593365598,Colchester,2347,130.4,90,20,11,7,None,2,Individual,3,1.5,6,197,Yes,Midscale,166,N/A,0,No,No,No,Yes,No,Yes,No
1325281840290320508,Colchester,2365,139.11,13,132,6,9,Low,3,Small,3,2,8,172,Yes,Midscale,1,N/A,0,No,No,No,Yes,No,Yes,No
54361448,Colchester,2462,129.6,10,188,1,7,None,1,Large,3,1,7,171,Yes,Midscale,178,1,1,No,No,No,Yes,No,No,No
1325271777186923965,Colchester,2515,132.36,17,115,1,5,None,3,Small,3,1,7,161,Yes,Midscale,18,5,1,No,No,No,Yes,No,Yes,No
1347295311328787416,Colchester,2961,128.73,23,101,13,4,Low,1,Moderate,3,1,6,131,Yes,Midscale,6,4.71,7,No,No,No,Yes,No,No,No
51704447,Colchester,3479,75.63,58,80,12,28,Low,3,Individual,3,1,5,118,Yes,Economy,0,4.73,45,No,No,No,Yes,No,No,Yes
1255051072987571189,Colchester,3650,71.56,54,95,7,10,None,2,Individual,3,1,6,84,Yes,Economy,132,4.67,3,No,No,No,Yes,No,Yes,No
53638231,Colchester,4128,75.06,21,261,28,28,Low,3,Individual,3,1.5,7,118,Yes,Economy,105,5,1,No,No,No,Yes,No,No,Yes
1322457298181504663,Colchester,4308,123.07,29,120,22,3,Low,2,Individual,3,1,5,133,Yes,Midscale,13,4.86,7,No,No,No,Yes,No,No,No
541903294076198093,Colchester,4349,77.66,49,114,71,4,Low,3,Individual,3,1.5,8,89,No,Economy,0,4.59,27,Yes,No,No,Yes,Yes,No,No
1336245357808879136,Colchester,4349,74.99,100,58,35,11,None,1,Individual,3,2,5,93,Yes,Economy,59,5,2,No,No,No,Yes,No,Yes,No
1267222801458653515,Colchester,4666,88.03,29,183,36,17,Low,2,Individual,3,1.5,5,98,Yes,Midscale,7,5,5,No,No,No,Yes,No,No,No
1264497302444756388,Colchester,4838,100.79,26,182,25,5,Moderate,2,Individual,3,1.5,6,125,Yes,Midscale,4,5,3,No,No,No,Yes,No,Yes,No
1303558147232251237,Colchester,4931,117.39,76,55,9,5,None,2,Individual,3,2,5,143,Yes,Midscale,101,4.89,9,No,No,No,Yes,No,No,No
1312520734838592312,Colchester,5009,71.56,65,107,10,11,Low,2,Individual,3,1,5,93,Yes,Economy,20,N/A,0,No,No,No,Yes,No,No,No
1226163465730576523,Colchester,5130,176.91,11,257,39,3,None,2,Individual,3,2,6,192,Yes,Upscale,17,4.1,10,No,Yes,No,Yes,Yes,No,No
1073883908046159895,Colchester,6345,192.27,9,364,27,2,None,1,Individual,3,2,6,238,Yes,Upscale,2,5,11,No,No,No,No,No,No,No
817998592119959365,Colchester,6581,98.22,96,70,14,41,None,3,Small,3,2,7,128,Yes,Midscale,55,2,2,No,No,No,Yes,No,No,No
26873929,Colchester,6613,100.19,80,83,99,24,None,3,Individual,3,1.5,5,113,No,Midscale,70,4.77,26,No,No,No,Yes,No,No,No
1211399451243847143,Colchester,6813,139.04,68,72,47,4,None,2,Small,3,1,6,169,Yes,Midscale,220,5,8,No,No,No,Yes,No,Yes,No
830552167331907612,Colchester,6933,79.69,86,101,50,20,None,2,Small,3,1,5,113,No,Economy,121,4.6,5,No,No,No,Yes,No,Yes,No
1026006142249471707,Colchester,7686,160.12,42,115,3,7,Moderate,3,Moderate,3,2,8,204,No,Upscale,56,N/A,0,No,No,No,Yes,No,Yes,No
574324471644164012,Colchester,7705,171.21,51,89,89,4,Moderate,2,Individual,3,2.5,7,189,No,Upscale,0,4.67,46,No,Yes,No,Yes,Yes,No,No
49411835,Colchester,9175,93.63,88,112,84,3,Moderate,2,Individual,3,1.5,6,85,No,Midscale,0,5,145,No,No,No,Yes,Yes,Yes,No
1297176741597743786,Colchester,9444,138.88,71,96,6,24,High,28,Small,3,2,6,189,Yes,Midscale,60,5,2,No,No,No,Yes,No,No,No
687002014978978979,Colchester,9762,75.67,71,182,175,13,Moderate,5,Small,3,2,8,96,No,Economy,0,3.95,16,No,No,No,Yes,No,No,No
29611017,Colchester,9792,120.89,38,213,74,7,None,1,Small,3,1,6,137,Yes,Midscale,138,4.51,102,No,No,No,Yes,No,No,No
583937222242565772,Colchester,10013,158.93,61,103,90,4,Low,2,Individual,3,2,8,165,No,Upscale,86,4.84,57,No,No,No,Yes,Yes,No,No
42545598,Colchester,10301,91.16,68,166,19,8,None,1,Small,3,2.5,7,119,Yes,Midscale,200,4.78,37,No,No,No,Yes,No,No,No
809243211706983387,Colchester,10516,81.52,86,150,123,15,None,2,Small,3,2.5,6,113,No,Midscale,120,4.78,9,No,No,No,Yes,No,Yes,No
1268601369760294668,Colchester,10659,91.89,72,161,12,20,Moderate,7,Moderate,3,2.5,7,123,Yes,Midscale,30,5,2,No,No,No,Yes,No,Yes,No
1180514790160621753,Colchester,11134,88.36,70,181,1,31,None,3,Small,3,1,3,114,Yes,Midscale,147,5,2,No,No,No,Yes,No,No,No
1194765240033204043,Colchester,11195,130.17,59,146,20,5,Low,1,Individual,3,1.5,5,152,No,Midscale,27,4.8,10,No,No,No,Yes,No,Yes,Yes
1135368697927781529,Colchester,11278,102.53,52,212,67,12,Moderate,2,Small,3,2,6,129,Yes,Midscale,153,5,10,No,No,No,Yes,No,No,No
1346349428310628503,Colchester,11643,155.24,94,80,2,15,None,2,Individual,3,1.5,5,216,Yes,Upscale,16,N/A,0,No,No,No,Yes,No,No,No
858480246759632141,Colchester,12001,96.78,93,134,89,7,None,1,Moderate,3,1,6,105,No,Midscale,218,4.63,30,No,No,No,Yes,No,Yes,No
9610432,Colchester,12482,211.56,27,216,12,15,None,2,Small,3,2,4,309,Yes,Upscale,150,4.93,14,No,No,No,Yes,No,No,No
1336762685958196774,Colchester,13016,178.29,83,88,11,19,None,3,Individual,3,2,6,262,Yes,Upscale,0,N/A,0,No,No,No,Yes,No,No,No
876677066823921865,Colchester,13394,89.89,42,359,38,6,Moderate,4,Individual,3,1,6,116,Yes,Midscale,7,4.78,9,No,No,No,Yes,No,Yes,No
994072134503300409,Colchester,13741,126.07,80,136,2,10,High,2,Small,3,2.5,5,159,Yes,Midscale,16,5,4,No,No,No,Yes,No,No,No
981032822915324882,Colchester,14195,90.41,100,157,22,3,Low,2,Individual,3,1,6,98,Yes,Midscale,31,5,16,No,No,No,Yes,No,No,No
993966989806126266,Colchester,14228,139.49,66,154,3,15,Moderate,3,Moderate,3,1,8,185,No,Midscale,22,2,1,No,No,No,Yes,No,Yes,No
1157849486137356976,Colchester,14355,101.09,66,216,17,23,High,3,Large,3,1,7,141,No,Midscale,142,4.22,0,No,No,No,No,No,No,No
17680948,Colchester,14840,170.58,30,286,46,6,Moderate,1,Small,3,2,6,159,Yes,Upscale,4,4.89,89,No,No,No,Yes,No,Yes,No
49562983,Colchester,14912,69.03,61,356,101,9,Moderate,2,Individual,3,2,5,72,Yes,Economy,10,4.93,152,No,No,No,Yes,No,Yes,No
585418042386585434,Colchester,15143,91.22,46,360,45,10,None,1,Individual,3,1.5,6,107,Yes,Midscale,6,4.95,56,No,No,No,Yes,Yes,No,No
941828559155010316,Colchester,15983,81.13,65,302,65,9,Moderate,2,Individual,3,1,8,87,Yes,Midscale,64,4.94,51,No,No,No,Yes,No,Yes,No
688363452809131826,Colchester,17013,72.39,76,308,95,3,Moderate,2,Small,3,1,6,92,Yes,Economy,58,4.85,39,No,No,No,Yes,No,Yes,No
43999149,Colchester,17258,69.59,71,348,143,7,Moderate,2,Individual,3,1,6,81,Yes,Economy,18,4.77,106,No,No,No,Yes,No,Yes,No
775378630881508792,Colchester,17346,142.18,77,159,72,2,None,1,Small,3,2.5,8,152,No,Midscale,70,4.88,86,No,No,Yes,Yes,No,No,No
671063504622969529,Colchester,17599,101.73,84,206,33,34,Moderate,2,Moderate,3,1.5,5,160,Yes,Midscale,110,4.71,7,No,No,No,Yes,No,No,No
18524758,Colchester,17600,89.79,58,336,50,7,None,2,Small,3,1,5,93,Yes,Midscale,30,4.81,350,No,No,No,Yes,No,No,No
1078094931549257397,Colchester,17755,113.82,56,280,29,6,Moderate,2,Individual,3,2.5,6,132,Yes,Midscale,86,4.79,19,No,No,No,Yes,No,No,No
1188301667146263917,Colchester,17960,105.03,87,197,18,7,None,2,Individual,3,1,5,110,Yes,Midscale,97,4.84,19,No,No,No,Yes,No,No,No
18647641,Colchester,18265,96.13,98,194,65,3,Low,2,Individual,3,1.5,6,116,Yes,Midscale,172,4.92,157,No,No,No,Yes,Yes,No,No
715191772684254912,Colchester,19210,80.04,89,271,22,14,High,4,Small,3,2,6,108,Yes,Economy,95,4.7,20,No,No,No,Yes,No,Yes,No
633002694759511422,Colchester,19435,269.93,30,241,39,2,None,1,Individual,3,1,10,266,Yes,Upscale,125,4.68,65,No,No,No,Yes,No,Yes,No
663080013416894312,Colchester,19478,117.33,61,271,29,28,None,2,Small,3,2.5,6,179,Yes,Midscale,95,5,11,No,No,No,Yes,No,No,No
604003213097124105,Colchester,19882,125.84,51,310,129,17,Moderate,2,Individual,3,2,8,145,No,Midscale,7,4.94,51,No,No,No,Yes,Yes,No,No
13145326,Colchester,19960,175.09,79,144,44,2,None,2,Small,3,1,6,230,Yes,Upscale,222,4.86,7,No,No,No,Yes,No,Yes,No
683500853408428984,Colchester,20150,117.83,92,186,49,10,High,3,Large,3,2,5,127,Yes,Midscale,180,4.86,7,No,No,No,Yes,No,Yes,No
1097663036847907943,Colchester,20743,81.34,86,298,17,7,High,2,Large,3,1,4,97,Yes,Midscale,68,4.21,14,No,No,No,Yes,No,No,No
805047988863110225,Colchester,21104,77.59,75,364,83,20,Moderate,2,Individual,3,1,8,87,Yes,Economy,2,4.98,51,No,No,No,Yes,No,Yes,No
24950477,Colchester,21160,127.47,61,271,79,3,Moderate,2,Individual,3,1,6,125,Yes,Midscale,95,4.91,232,No,No,No,Yes,No,No,No
797195889165951050,Colchester,21210,85.87,70,353,32,6,Low,2,Small,3,1,7,92,Yes,Midscale,13,4.9,90,No,No,No,Yes,No,No,No
32838531,Colchester,21323,185.42,54,214,87,23,Low,3,Individual,3,2,6,255,No,Upscale,101,4.95,57,No,No,No,Yes,No,No,No
53898632,Colchester,22673,125.96,50,361,98,4,Moderate,2,Individual,3,1.5,6,119,Yes,Midscale,5,4.9,165,No,No,No,Yes,No,Yes,No
1153024958321826416,Colchester,22835,109.78,68,308,5,18,High,5,Individual,3,1.5,6,163,Yes,Midscale,56,4.75,4,No,No,No,Yes,No,No,No
1114479630627281182,Colchester,23032,95.97,77,310,58,4,High,2,Individual,3,1.5,6,99,Yes,Midscale,56,4.84,57,No,No,No,Yes,No,Yes,No
570009947652015833,Colchester,23359,111.23,79,267,11,4,Low,3,Individual,3,2,5,156,Yes,Midscale,22,5,5,No,No,No,Yes,No,No,No
642725950658604627,Colchester,23385,102.57,63,363,152,14,Moderate,7,Individual,3,2.5,6,134,Yes,Midscale,3,4.96,24,No,No,No,Yes,No,Yes,No
842852790451541097,Colchester,23978,110.5,69,315,101,9,High,2,Individual,3,2.5,6,144,Yes,Midscale,51,4.94,33,No,No,No,Yes,No,Yes,No
1123170994558278053,Colchester,24298,121.49,60,335,16,11,Moderate,2,Individual,3,2,8,166,Yes,Midscale,29,4.87,15,No,No,No,Yes,No,Yes,No
728202490685420889,Colchester,25193,144.79,65,269,57,17,Low,2,Small,3,2.5,6,172,Yes,Midscale,97,4.9,61,No,No,No,Yes,No,No,No
23537868,Colchester,25852,158.6,85,192,110,7,Moderate,3,Small,3,1.5,6,181,Yes,Upscale,174,4.76,95,No,No,No,Yes,No,Yes,No
988431576645734845,Colchester,26183,111.89,67,347,9,17,High,6,Large,3,2.5,5,156,Yes,Midscale,18,4.75,4,No,No,No,Yes,No,Yes,No
898492272964477433,Colchester,26294,125.21,79,266,49,7,None,3,Individual,3,2,7,189,Yes,Midscale,100,5,2,No,No,No,Yes,No,Yes,No
51639128,Colchester,26507,122.72,97,223,86,15,High,1,Large,3,1,5,132,No,Midscale,62,4.6,5,No,No,No,Yes,No,Yes,No
1083116083308820734,Colchester,27121,101.2,77,350,4,20,High,5,Large,3,2.5,6,153,No,Midscale,8,4.8,5,No,No,No,No,No,No,No
20988048,Colchester,28448,144.4,92,213,85,3,High,2,Individual,3,2,6,137,Yes,Midscale,153,4.91,396,No,Yes,No,Yes,No,No,No
1114429723917677983,Colchester,28628,165.48,60,290,56,9,Moderate,2,Individual,3,2,6,181,Yes,Upscale,75,4.96,24,No,No,No,Yes,No,Yes,No
49993000,Colchester,31018,137.86,63,355,92,4,Low,2,Small,3,1,5,140,Yes,Midscale,11,4.92,156,No,No,No,Yes,No,Yes,No
51485511,Colchester,31128,120.19,83,313,119,6,High,2,Individual,3,2,6,139,Yes,Midscale,53,4.96,82,No,No,No,Yes,No,Yes,No
1064671460244252224,Colchester,31174,167.6,93,200,88,30,None,2,Individual,3,2.5,7,232,Yes,Upscale,166,4.57,7,No,No,No,Yes,No,No,No
49255506,Colchester,33440,171.49,92,211,125,9,Low,1,Individual,3,2.5,6,192,No,Upscale,124,4.96,68,No,No,No,Yes,No,Yes,No
53074530,Colchester,33633,230.36,40,366,5,3,None,4,Small,3,2.5,6,305,Yes,Upscale,0,5,1,No,No,No,Yes,No,No,No
44385430,Colchester,35994,220.82,80,203,67,4,High,2,Small,3,1.5,6,214,Yes,Upscale,163,4.97,126,No,No,No,Yes,No,Yes,No
883072699764974589,Colchester,42844,178.52,78,307,10,3,Moderate,1,Large,3,2,6,280,Yes,Upscale,59,4.5,2,No,No,No,Yes,No,Yes,No
1116514083479629513,Colchester,48350,284.41,93,183,10,4,Moderate,1,Large,3,2,6,373,No,Upscale,53,4.79,0,No,No,No,Yes,No,Yes,No
883069230331174154,Colchester,48874,193.94,89,284,20,3,Moderate,1,Large,3,2,6,296,Yes,Upscale,82,4.92,13,No,No,No,Yes,No,Yes,No
833817774800333965,Colchester,52978,177.78,91,326,80,5,Moderate,2,Individual,3,2,6,171,Yes,Upscale,40,4.85,144,No,No,No,Yes,No,Yes,No
883079232436366215,Colchester,57573,210.89,95,286,2,2,Moderate,1,Large,3,2,6,303,Yes,Upscale,80,5,4,No,No,No,Yes,No,Yes,No
1120821878851567954,Colchester,68945,231.36,98,304,23,5,High,2,Large,3,3,6,290,Yes,Upscale,62,5,1,No,No,No,Yes,No,Yes,No
987440215251843897,Brentwood,0,N/A,0,187,N/A,N/A,None,3,Small,3,2,6,431,Yes,N/A,179,4.55,0,No,No,No,Yes,No,No,No
867428043609660988,Brentwood,0,N/A,0,180,N/A,N/A,None,7,Small,3,1,6,175,Yes,N/A,186,0,0,No,No,No,Yes,No,Yes,No
1044696170841835226,Brentwood,0,N/A,0,119,N/A,N/A,None,2,Small,3,2.5,6,279,No,N/A,0,5,9,No,No,No,Yes,No,Yes,No
1172902446485564303,Brentwood,0,N/A,0,80,N/A,N/A,None,1,Individual,3,1,4,967,No,N/A,58,N/A,0,No,No,No,No,No,No,No
1310723043682753863,Brentwood,0,N/A,0,99,N/A,N/A,Moderate,1,Moderate,3,1.5,6,168,Yes,N/A,0,N/A,0,No,No,No,Yes,No,No,No
1315080518361616318,Brentwood,0,N/A,0,13,N/A,N/A,None,1,Large,3,2,6,290,No,N/A,12,N/A,0,No,No,No,Yes,Yes,No,No
1273391758801394473,Brentwood,699,174.64,2,177,2,4,High,1,Small,3,2.5,8,235,Yes,Upscale,10,N/A,0,No,No,No,Yes,No,Yes,No
880627075429440060,Brentwood,981,89.15,3,361,33,9,None,1,Small,3,2.5,8,120,Yes,Midscale,5,3,2,No,No,No,Yes,No,No,No
1292957999901332652,Brentwood,1738,133.67,11,116,0,13,None,2,Moderate,3,2,6,169,Yes,Upscale,40,N/A,0,No,No,No,Yes,No,No,No
34216259,Brentwood,2123,151.62,4,362,4,6,None,5,Moderate,3,3,5,195,Yes,Upscale,4,4.6,5,No,No,No,Yes,No,No,No
1258885133972188117,Brentwood,2644,110.19,34,71,11,3,None,1,Small,3,1.5,4,131,Yes,Midscale,156,5,12,No,No,No,Yes,No,No,No
722263038304437481,Brentwood,3359,152.69,11,194,8,4,None,1,Large,3,1,5,180,No,Upscale,156,4.42,0,No,No,No,Yes,No,No,No
1327563667579603444,Brentwood,3620,124.81,45,65,15,12,Low,2,Small,3,4,6,187,Yes,Midscale,60,5,2,No,No,No,Yes,No,Yes,No
733156629843528524,Brentwood,5237,201.44,22,119,64,5,None,2,Individual,3,2.5,6,233,No,Upscale,1,4.87,23,No,No,No,Yes,No,Yes,No
1309519162651257418,Brentwood,5624,127.81,44,101,9,6,Low,2,Small,3,1,4,140,No,Upscale,19,4.6,5,No,No,No,Yes,No,Yes,No
1329607085015944141,Brentwood,7748,122.98,83,76,6,47,Low,14,Large,3,2,7,172,Yes,Midscale,49,N/A,0,No,No,No,Yes,No,Yes,No
809501303830183077,Brentwood,7775,97.19,71,112,26,43,None,2,Individual,3,1.5,5,123,Yes,Midscale,194,5,4,No,No,No,Yes,No,No,No
725823036821709871,Brentwood,7859,145.54,15,363,42,5,None,2,Small,3,2.5,8,186,Yes,Upscale,3,3.83,6,No,No,No,Yes,No,No,No
44069767,Brentwood,7973,221.46,46,78,7,16,Low,7,Large,3,2,6,289,No,Upscale,40,5,5,No,No,No,Yes,No,No,No
1030455785309586495,Brentwood,8626,151.34,37,153,76,16,Low,1,Large,3,4,6,219,No,Upscale,99,4.33,3,No,No,No,Yes,Yes,No,No
52757850,Brentwood,14472,110.47,38,343,7,12,None,4,Small,3,1.5,5,144,Yes,Midscale,23,3.6,5,No,No,No,Yes,No,No,No
1202876378625757432,Brentwood,15439,104.32,65,227,43,16,Unknown,3,Unknown,3,1,6,138,Yes,Midscale,50,4.25,4,No,No,No,Yes,No,Yes,No
841906729409740068,Brentwood,17753,188.86,41,227,47,9,None,1,Small,3,1.5,7,239,No,Upscale,15,4.73,15,No,No,No,Yes,No,Yes,No
919310835570017903,Brentwood,25149,99.01,80,318,10,25,None,1,Small,3,1.5,5,163,No,Midscale,28,4.74,19,No,No,No,Yes,No,Yes,No
709873167765632120,Brentwood,28409,143.48,59,334,40,5,Low,2,Individual,3,1,6,156,Yes,Upscale,32,4.74,82,No,No,No,Yes,No,No,No
49249531,Brentwood,28640,181.27,46,342,45,4,Low,2,Small,3,3,6,238,Yes,Upscale,24,4.3,33,No,No,No,Yes,No,Yes,No
1016684922195452517,Brentwood,32065,201.67,94,170,40,4,High,1,Large,3,3,6,203,Yes,Upscale,59,1,1,No,No,No,Yes,No,Yes,No
872913740243580186,Brentwood,51017,147.45,98,352,75,18,None,1,Individual,3,3,6,198,Yes,Upscale,14,5,23,No,No,Yes,Yes,No,No,No
49892607,Clacton-on-sea,0,N/A,0,136,N/A,N/A,None,1,Large,3,2,6,99,No,N/A,127,5,2,No,No,No,No,No,No,No
741104767511774409,Clacton-on-sea,0,N/A,0,129,N/A,N/A,None,365,Individual,3,1.5,8,66,No,N/A,1,N/A,0,No,No,No,Yes,Yes,No,No
648178384132236055,Clacton-on-sea,0,N/A,0,158,N/A,N/A,None,3,Small,3,1,8,113,No,N/A,106,5,2,No,No,No,Yes,No,Yes,No
1154139499584868154,Clacton-on-sea,0,N/A,0,171,N/A,N/A,None,1,Large,3,3,8,121,No,N/A,149,N/A,0,No,No,No,Yes,Yes,Yes,No
544298713252519488,Clacton-on-sea,0,N/A,0,119,N/A,N/A,None,3,Individual,3,1.5,6,94,No,N/A,0,4.5,14,Yes,No,No,Yes,Yes,No,No
51528645,Clacton-on-sea,0,N/A,0,313,N/A,N/A,None,2,Individual,3,1,8,125,No,N/A,32,5,3,No,No,No,Yes,No,No,No
858777077144221190,Clacton-on-sea,0,N/A,0,118,N/A,N/A,None,1,Small,3,1,6,111,No,N/A,0,4.9,10,No,No,No,Yes,No,Yes,No
49679479,Clacton-on-sea,0,N/A,0,118,N/A,N/A,None,1,Small,3,2,8,93,No,N/A,0,4.5,34,No,No,No,Yes,Yes,Yes,No
819101817014541601,Clacton-on-sea,89,88.83,0,256,4,1,None,2,Individual,3,1.5,8,80,Yes,Midscale,110,0,0,No,No,No,Yes,Yes,Yes,Yes
1086783335019280327,Clacton-on-sea,235,117.29,7,30,1,2,Moderate,1,Small,3,2,6,154,No,Midscale,99,N/A,0,No,No,No,Yes,Yes,No,No
44327745,Clacton-on-sea,346,115.44,2,176,143,3,Moderate,2,Large,3,2,6,98,Yes,Midscale,190,5,5,No,No,No,Yes,Yes,Yes,No
1241973254430726974,Clacton-on-sea,361,72.18,6,79,42,1,None,2,Large,3,1,8,86,Yes,Midscale,163,4,4,No,No,No,Yes,Yes,Yes,No
51314643,Clacton-on-sea,503,125.77,2,182,0,4,Moderate,3,Large,3,2,8,84,Yes,Midscale,184,5,1,No,No,No,Yes,No,No,No
842631002907963670,Clacton-on-sea,515,128.71,2,164,4,2,Low,1,Small,3,2,7,158,No,Upscale,30,5,1,No,No,No,Yes,No,No,Yes
34163476,Clacton-on-sea,516,64.56,11,75,70,3,None,2,Individual,3,1,6,76,Yes,Midscale,291,4.73,37,No,No,No,Yes,Yes,Yes,No
1086783845514467871,Clacton-on-sea,558,139.41,17,24,1,2,Moderate,1,Small,3,2,6,169,No,Upscale,104,N/A,0,No,No,No,Yes,No,No,No
1223632671675228407,Clacton-on-sea,740,56.92,50,26,22,49,Low,3,Individual,3,1,6,68,No,Economy,25,N/A,0,No,No,No,Yes,Yes,Yes,No
1044087936553632359,Clacton-on-sea,805,89.47,5,182,6,3,High,2,Individual,3,1,8,81,Yes,Midscale,184,3.67,3,No,No,No,Yes,No,No,No
27761593,Clacton-on-sea,1255,156.82,3,252,1,4,None,4,Small,3,1,6,189,Yes,Upscale,114,5,1,No,No,No,Yes,No,No,No
936400641347022479,Clacton-on-sea,1401,77.82,38,47,379,2,None,2,Small,3,1,8,99,No,Midscale,241,0,0,No,No,No,Yes,No,Yes,No
1141756329168729911,Clacton-on-sea,2769,69.23,30,132,7,3,Low,1,Large,3,1,6,70,No,Midscale,6,N/A,3,No,No,No,Yes,No,No,No
1160181863141079416,Clacton-on-sea,2952,105.43,13,212,23,4,Low,2,Individual,3,0,7,112,No,Midscale,145,4.57,7,No,No,No,Yes,No,Yes,No
817475471818158587,Clacton-on-sea,4328,65.58,32,208,28,6,None,3,Individual,3,1.5,8,85,Yes,Midscale,158,4.91,11,No,No,No,Yes,No,Yes,No
604304853155003354,Clacton-on-sea,4345,67.89,78,82,105,5,Moderate,3,Small,3,1,5,85,No,Midscale,1,4.84,19,No,No,No,Yes,No,Yes,No
799104036895493494,Clacton-on-sea,4503,81.87,51,107,35,5,Low,2,Small,3,1.5,8,76,No,Midscale,151,4.83,12,No,No,No,Yes,No,Yes,No
1091897729200222962,Clacton-on-sea,4921,64.75,86,88,33,4,Low,1,Individual,3,1.5,6,68,No,Midscale,20,4.91,23,No,No,No,Yes,Yes,No,Yes
667127144145850657,Clacton-on-sea,5356,76.51,19,360,50,6,None,2,Individual,3,1,6,110,Yes,Midscale,6,4.8,5,No,No,No,Yes,No,No,No
1137821148587818561,Clacton-on-sea,5996,70.54,28,300,17,4,Moderate,2,Individual,3,1.5,8,101,Yes,Midscale,65,3.5,2,No,No,No,Yes,Yes,No,No
15607615,Clacton-on-sea,6910,77.64,62,144,88,6,None,2,Individual,3,2,6,122,No,Midscale,7,4.59,27,Yes,No,No,Yes,Yes,Yes,Yes
1326082726462706249,Clacton-on-sea,7633,90.87,69,121,4,14,None,3,Moderate,3,1,6,120,No,Midscale,2,5,1,No,No,No,No,No,No,No
1168530940633617808,Clacton-on-sea,8075,63.58,50,252,38,6,High,1,Small,3,1,8,78,Yes,Midscale,76,4.75,4,No,No,No,Yes,Yes,Yes,No
51839351,Clacton-on-sea,8362,40.59,87,238,149,21,None,2,Small,3,1,6,52,Yes,Economy,128,4.56,36,No,No,No,Yes,No,Yes,No
841879549071664922,Clacton-on-sea,8390,59.09,45,318,21,29,None,1,Small,3,1.5,8,78,Yes,Economy,48,4.85,20,No,No,No,Yes,No,Yes,No
1101631802762180932,Clacton-on-sea,9464,81.58,52,225,20,14,None,1,Individual,3,1.5,8,93,Yes,Midscale,141,5,13,No,No,No,Yes,Yes,No,No
593448941348355266,Clacton-on-sea,9597,53.31,51,352,83,14,Low,2,Individual,3,1,8,76,Yes,Economy,14,4.77,26,No,No,No,Yes,No,Yes,No
29278063,Clacton-on-sea,11417,117.7,29,332,47,8,None,2,Small,3,1,6,129,Yes,Midscale,34,4.91,109,No,No,No,Yes,No,No,No
45063006,Clacton-on-sea,11533,54.15,66,321,21,15,None,1,Small,3,1.5,8,66,Yes,Economy,45,4.73,59,No,No,No,Yes,No,Yes,No
7467104,Clacton-on-sea,11820,124.42,26,364,45,4,High,2,Small,3,1,7,119,Yes,Midscale,2,4.84,170,No,No,No,Yes,No,Yes,No
1150568760515099229,Clacton-on-sea,12636,68.67,78,236,25,18,Moderate,2,Small,3,1,8,84,Yes,Midscale,129,5,1,No,No,No,Yes,No,Yes,No
50166375,Clacton-on-sea,12653,70.68,84,212,165,28,Low,2,Small,3,1,6,95,Yes,Midscale,154,4.73,15,No,No,No,Yes,No,Yes,No
46016215,Clacton-on-sea,13188,116.71,32,358,33,16,Moderate,3,Small,3,2,7,152,Yes,Midscale,8,4.35,40,No,No,No,Yes,No,No,No
848293829468107527,Clacton-on-sea,13407,167.58,75,106,86,2,None,1,Small,3,2,10,235,No,Upscale,10,4.61,23,No,No,No,No,No,No,No
695360850957568926,Clacton-on-sea,13436,88.4,59,256,66,3,None,2,Individual,3,1,5,114,Yes,Midscale,110,4.83,30,No,No,No,No,No,Yes,No
977003022591681580,Clacton-on-sea,14813,64.97,80,286,44,6,Moderate,1,Small,3,1.5,8,77,Yes,Midscale,80,4.73,11,No,No,No,Yes,No,Yes,No
17680948,Clacton-on-sea,14840,170.58,30,286,46,6,Moderate,1,Small,3,2,6,159,Yes,Upscale,4,4.89,89,No,No,No,Yes,No,Yes,No
988621680439432363,Clacton-on-sea,15972,140.11,45,252,50,14,Moderate,2,Moderate,3,3,6,172,No,Upscale,1,5,1,No,No,No,Yes,No,Yes,No
1162532731752823322,Clacton-on-sea,16257,130.06,40,310,22,4,None,1,Small,3,2.5,6,143,Yes,Upscale,36,4.78,36,No,No,No,Yes,No,Yes,No
34101104,Clacton-on-sea,18516,86.93,74,289,45,5,High,2,Individual,3,1,5,91,Yes,Midscale,77,4.95,127,No,No,No,Yes,No,Yes,No
1079500512934482930,Clacton-on-sea,21612,111.98,60,323,26,7,High,2,Moderate,3,1,6,114,Yes,Midscale,43,4.81,27,No,No,No,Yes,No,Yes,No
38423060,Clacton-on-sea,22688,90.39,71,353,10,11,High,3,Moderate,3,1,6,111,Yes,Midscale,10,4.79,48,No,No,No,Yes,No,Yes,No
619174557029783676,Clacton-on-sea,23170,155.51,58,259,119,9,Moderate,3,Individual,3,1.5,6,195,Yes,Upscale,107,5,18,No,No,No,Yes,No,Yes,No
22968398,Clacton-on-sea,23701,132.41,65,277,57,7,None,2,Individual,3,1,8,166,Yes,Upscale,89,4.81,134,No,No,No,Yes,No,Yes,No
30757148,Clacton-on-sea,24616,106.56,64,359,103,10,Moderate,3,Small,3,2,6,119,Yes,Midscale,7,4.93,87,No,No,No,Yes,No,No,No
12374813,Clacton-on-sea,27413,109.22,95,264,56,3,Moderate,2,Individual,3,1,6,111,Yes,Midscale,102,4.95,217,No,No,No,Yes,No,No,No
1010702656566769258,Clacton-on-sea,31589,394.87,24,334,43,2,Moderate,2,Small,3,3,6,524,Yes,Upscale,32,4.5,0,No,No,No,Yes,No,Yes,No
550863894331182330,Clacton-on-sea,34193,203.53,88,191,73,10,Low,3,Large,3,1,6,226,Yes,Upscale,175,5,4,No,No,No,Yes,No,Yes,No
957684536395764280,Clacton-on-sea,40021,197.15,73,277,82,4,Moderate,2,Small,3,2.5,6,204,Yes,Upscale,89,5,55,No,Yes,No,Yes,No,No,No
1037212152233467916,Clacton-on-sea,45278,217.68,95,220,48,7,Moderate,3,Large,3,2,6,248,Yes,Upscale,146,4.76,0,No,Yes,No,Yes,No,No,No
1010679174489879718,Clacton-on-sea,48610,656.89,24,314,46,2,Moderate,2,Small,3,4,6,865,Yes,Upscale,52,N/A,0,No,No,No,Yes,No,No,No
995190105117660664,Grays,0,N/A,0,70,N/A,N/A,None,7,Small,3,1,6,251,No,N/A,0,N/A,0,No,No,No,Yes,No,No,No
1264404982701663850,Grays,0,N/A,0,43,N/A,N/A,None,1,Large,3,2,7,178,No,N/A,101,N/A,0,No,No,No,Yes,No,No,No
857121223804935516,Grays,0,N/A,0,365,N/A,N/A,None,1,Small,3,1,6,335,Yes,N/A,1,3.67,3,No,No,No,Yes,No,No,No
1150035056726075029,Grays,0,N/A,0,107,N/A,N/A,None,3,Small,3,2.5,6,208,No,N/A,12,N/A,0,No,No,No,Yes,No,No,No
663217448974301270,Grays,0,N/A,0,290,N/A,N/A,None,3,Moderate,3,1.5,10,106,Yes,N/A,76,5,5,No,No,No,Yes,No,No,No
1086248055326152881,Grays,0,N/A,0,94,N/A,N/A,High,1,Small,3,3,8,249,No,N/A,76,0,0,No,No,No,Yes,No,No,No
637389194523502419,Grays,0,N/A,0,52,N/A,N/A,None,1,Large,3,1,6,150,No,N/A,35,3.5,0,No,No,No,Yes,No,No,No
53784217,Grays,0,N/A,0,183,N/A,N/A,None,3,Large,3,1.5,8,166,Yes,N/A,183,N/A,0,No,No,No,Yes,No,Yes,No
1111585237254811308,Grays,0,N/A,0,127,N/A,N/A,None,3,Large,3,2,6,152,Yes,N/A,187,4.5,0,No,No,No,Yes,No,No,No
42574965,Grays,0,N/A,0,178,N/A,N/A,None,5,Large,3,1.5,8,175,Yes,N/A,188,N/A,0,No,No,No,Yes,No,No,No
54315242,Grays,217,108.68,1,164,4,1,None,1,Small,3,1,6,131,No,Midscale,72,4.33,6,No,No,No,Yes,No,No,No
928762883186001715,Grays,397,132.32,2,179,2,3,None,1,Large,3,2,9,140,Yes,Upscale,187,5,2,No,No,No,Yes,No,No,No
53462829,Grays,675,96.46,18,38,378,3,None,2,Small,3,2.5,6,122,No,Midscale,31,5,3,No,No,No,Yes,No,No,No
1261597414401645390,Grays,718,179.38,2,206,13,4,None,3,Small,3,3,4,208,Yes,Upscale,1,5,0,No,Yes,No,Yes,No,No,No
564308310513653450,Grays,864,25.42,17,201,1,23,None,3,Small,3,1,6,33,Yes,Economy,165,5,1,No,No,No,Yes,No,Yes,No
908859805290513304,Grays,1706,142.18,6,192,3,4,None,1,Individual,3,3,4,175,Yes,Upscale,174,0,0,No,No,No,Yes,No,No,No
832433826736650112,Grays,2028,106.72,21,89,14,19,Low,4,Small,3,2.5,6,164,No,Midscale,55,N/A,2,No,No,No,Yes,No,No,No
1315293302934940057,Grays,2204,104.96,21,98,5,3,Moderate,2,Individual,3,1.5,5,134,Yes,Midscale,17,4,1,No,No,No,Yes,No,No,No
1163771594094095513,Grays,2443,122.14,25,79,1,9,None,4,Individual,3,2.5,4,156,No,Upscale,40,N/A,0,No,No,No,Yes,No,No,No
53175277,Grays,3310,106.76,47,66,73,4,None,2,Small,3,1,6,123,No,Midscale,0,4.4,20,No,No,No,Yes,No,No,No
835476257282850481,Grays,3361,101.84,24,139,7,7,None,3,Individual,3,1.5,7,143,No,Midscale,27,N/A,1,No,No,No,Yes,No,No,No
49995406,Grays,3616,120.52,33,92,4,5,High,3,Moderate,3,1.5,5,165,No,Upscale,11,N/A,1,No,No,No,Yes,No,No,No
48184442,Grays,3805,111.91,13,264,1,9,None,3,Small,3,1.5,5,140,No,Midscale,32,4.5,6,No,No,No,Yes,No,No,No
51379607,Grays,4969,124.23,29,139,5,6,Moderate,2,Small,3,1.5,7,331,Yes,Upscale,227,4.83,6,No,No,No,Yes,No,No,No
653616839576712344,Grays,5398,93.06,47,123,9,5,None,3,Small,3,1,7,130,No,Midscale,75,4,8,No,No,No,Yes,No,No,No
1320515405438337277,Grays,6356,96.3,73,91,5,19,Low,4,Small,3,1.5,4,114,Yes,Midscale,39,5,2,No,No,No,No,No,No,No
604347301847171713,Grays,6446,126.4,61,84,4,7,None,3,Individual,3,1,5,160,No,Upscale,2,4.67,18,No,No,No,Yes,No,No,No
552632020621988040,Grays,6587,107.99,35,173,6,17,None,2,Large,3,1.5,8,133,Yes,Midscale,59,N/A,0,No,No,No,No,No,Yes,No
1307114051492524566,Grays,6764,77.75,67,129,1,15,High,2,Moderate,3,1,6,92,Yes,Midscale,3,4.5,2,No,No,No,Yes,No,No,No
1201587818968181095,Grays,7121,122.78,24,246,5,5,Moderate,2,Small,3,1,6,152,Yes,Upscale,44,5,4,No,No,No,Yes,No,No,No
39710551,Grays,7573,111.36,36,189,6,4,Low,1,Small,3,1,5,136,Yes,Midscale,42,5,3,No,No,No,Yes,No,No,No
42924588,Grays,8053,108.82,34,219,6,16,None,2,Small,3,2,6,143,No,Midscale,16,3.71,7,No,No,No,Yes,No,No,No
53209796,Grays,8141,116.3,19,364,37,13,None,2,Moderate,3,2.5,6,134,Yes,Midscale,2,4.28,29,No,No,No,Yes,No,Yes,No
1265373769440038950,Grays,9308,81.65,70,163,18,5,Moderate,1,Individual,3,1,6,82,Yes,Midscale,23,4.21,14,No,No,No,Yes,No,No,No
1330146445199120590,Grays,9405,151.69,56,110,19,5,High,1,Small,3,3,7,152,Yes,Upscale,9,4.86,7,No,No,No,Yes,No,No,No
1332092662561305917,Grays,9762,114.84,77,111,4,23,Moderate,2,Moderate,3,1,6,120,Yes,Midscale,8,5,2,No,No,No,Yes,No,No,No
1226030392698063582,Grays,9920,112.72,51,171,10,8,Low,2,Small,3,1.5,6,143,Yes,Midscale,88,4.83,6,No,No,No,Yes,No,No,No
651341276189452164,Grays,10251,117.83,33,266,8,14,None,5,Small,3,3,5,146,No,Midscale,3,4.9,10,No,No,No,Yes,No,No,No
606159041922079266,Grays,11210,135.05,23,354,7,8,None,2,Small,3,2.5,6,186,Yes,Upscale,12,3.67,3,No,No,No,Yes,No,No,No
1022537865602130630,Grays,11221,102.94,39,282,31,25,None,3,Moderate,3,1.5,6,138,Yes,Midscale,84,5,2,No,No,No,Yes,No,No,No
37096972,Grays,11250,119.68,39,240,42,9,None,4,Moderate,3,2,5,160,No,Upscale,112,5,8,No,No,No,Yes,No,No,No
924769640196282888,Grays,11917,107.36,79,141,46,3,Moderate,1,Individual,3,1,6,127,No,Midscale,10,4.13,45,No,No,No,Yes,No,No,No
1042641606633555052,Grays,12222,111.11,48,229,9,40,None,3,Moderate,3,1,6,126,Yes,Midscale,137,5,3,No,No,No,Yes,No,No,No
1112417159586692745,Grays,12920,91.63,55,255,10,34,None,30,Small,3,1.5,5,118,Yes,Midscale,110,5,0,No,No,No,Yes,No,No,No
40676321,Grays,14164,82.35,86,200,34,24,None,3,Small,3,1.5,6,123,Yes,Midscale,166,4.73,15,No,No,No,Yes,No,Yes,No
881653933483585967,Grays,14584,95.32,61,250,17,13,None,1,Individual,3,1.5,5,134,Yes,Midscale,116,4.14,7,No,No,No,Yes,No,No,No
1098488663345542512,Grays,17376,99.86,58,298,11,20,High,2,Moderate,3,2.5,6,170,Yes,Midscale,68,5,6,No,No,No,Yes,No,No,No
1261597472100083544,Grays,18463,130.02,70,203,4,18,None,3,Small,3,3,4,169,Yes,Upscale,5,4.75,4,No,No,No,Yes,No,No,No
1139981305841614784,Grays,18500,94.39,71,275,18,19,None,3,Small,3,2,7,136,No,Midscale,55,4.5,4,No,No,No,Yes,No,No,No
1018145772226585555,Grays,19020,98.55,60,324,10,29,Low,3,Small,3,1.5,5,125,Yes,Midscale,42,4.71,17,No,No,No,Yes,No,No,No
1160660500328753573,Grays,20008,103.67,63,307,10,14,None,2,Moderate,3,1,9,135,Yes,Midscale,30,4,1,No,No,No,Yes,No,No,No
826024251469575696,Grays,21020,82.43,85,300,50,18,Low,3,Individual,3,1.5,8,116,No,Midscale,35,4.36,14,No,No,No,Yes,No,No,No
926925219207147750,Grays,22856,94.06,71,341,5,26,High,2,Moderate,3,1,6,120,Yes,Midscale,24,5,3,No,No,No,Yes,No,No,No
872374077102175844,Grays,23430,110,73,293,14,18,None,4,Small,3,1,5,147,Yes,Midscale,73,5,15,No,No,No,Yes,No,No,No
700869512882818627,Grays,25797,112.65,65,351,24,6,None,2,Small,3,2.5,5,149,Yes,Midscale,15,5,20,No,No,No,Yes,No,No,No
1174806320719935711,Grays,26046,121.14,90,238,23,14,Moderate,2,Small,3,2,6,156,Yes,Upscale,54,5,3,No,No,No,Yes,No,No,No
1081788252403483593,Grays,28401,104.42,78,350,18,8,Low,2,Moderate,3,3,6,141,Yes,Midscale,16,4.82,11,No,No,No,Yes,No,No,No
744817877897753172,Grays,82579,322.57,70,366,5,2,None,1,Individual,3,1.5,7,429,Yes,Upscale,0,0,0,No,No,No,Yes,No,No,Yes
1347623585354743417,Walton-on-the-Naze,1292,117.46,12,91,10,4,None,2,Small,3,1,8,144,Yes,Midscale,1,N/A,0,No,No,No,Yes,Yes,No,No
1265725660160308190,Walton-on-the-Naze,3416,110.21,65,48,0,24,Low,2,Large,3,1,6,129,Yes,Midscale,77,N/A,0,No,No,No,Yes,No,No,No
907818531980423191,Walton-on-the-Naze,3713,123.75,28,108,22,3,None,2,Individual,3,2,6,141,Yes,Midscale,85,4.93,14,No,No,No,Yes,No,Yes,No
41576254,Walton-on-the-Naze,6152,136.71,18,252,160,5,Low,5,Moderate,3,2.5,8,204,Yes,Upscale,114,4.3,10,No,No,No,Yes,No,No,No
639648058304859908,Walton-on-the-Naze,7605,93.89,36,227,151,5,Low,3,Individual,3,1,6,119,Yes,Midscale,139,4.88,24,No,No,No,Yes,No,No,No
759887434665231099,Walton-on-the-Naze,10189,103.97,50,196,43,8,None,3,Individual,3,2,6,144,Yes,Midscale,170,4.67,3,No,No,No,Yes,No,Yes,No
39568162,Walton-on-the-Naze,11749,91.08,53,244,117,10,Moderate,4,Moderate,3,1.5,5,122,Yes,Midscale,122,5,1,No,No,No,Yes,No,No,No
28604362,Walton-on-the-Naze,11853,141.11,23,360,130,4,Low,2,Individual,3,1,7,149,Yes,Upscale,6,4.67,48,No,No,No,Yes,No,Yes,No
42752876,Walton-on-the-Naze,16309,156.81,46,227,83,8,Moderate,4,Moderate,3,2,6,229,Yes,Upscale,139,5,1,No,No,No,Yes,No,No,No
1120301981759379730,Walton-on-the-Naze,17858,119.05,43,351,40,4,High,2,Small,3,2,7,123,Yes,Midscale,15,5,20,No,No,No,Yes,No,No,No
39350959,Walton-on-the-Naze,18124,73.08,71,347,98,23,Moderate,3,Moderate,3,2.5,7,122,Yes,Midscale,19,5,6,No,No,No,Yes,No,No,No
29305909,Walton-on-the-Naze,18268,111.39,85,193,130,12,Moderate,4,Small,3,1.5,6,152,Yes,Midscale,173,5,6,No,No,No,Yes,No,No,No
756263938499684353,Walton-on-the-Naze,19405,174.82,83,134,187,20,None,1,Moderate,3,3,6,232,No,Upscale,109,4,1,No,No,No,Yes,No,Yes,No
926741746658178779,Walton-on-the-Naze,19522,130.15,54,279,72,6,Moderate,3,Small,3,1.5,7,136,Yes,Upscale,87,4.95,19,No,No,No,Yes,No,Yes,No
23444227,Walton-on-the-Naze,20716,93.31,61,364,65,26,Moderate,4,Moderate,3,2,8,186,Yes,Midscale,2,4.83,12,No,No,No,Yes,No,No,No
715613498734706219,Walton-on-the-Naze,21311,95.14,62,360,80,20,Moderate,3,Small,3,1,8,127,Yes,Midscale,6,4.71,17,No,No,No,Yes,No,Yes,No
1120780137266196599,Walton-on-the-Naze,22037,110.19,58,347,39,29,High,2,Small,3,1,6,122,Yes,Midscale,19,5,19,No,No,No,Yes,No,No,No
50154951,Walton-on-the-Naze,22977,110.47,75,278,112,4,Low,2,Small,3,1.5,6,98,Yes,Midscale,88,4.96,181,No,No,No,Yes,No,Yes,No
797592521142878840,Walton-on-the-Naze,23176,110.36,68,309,120,7,Moderate,3,Moderate,3,2,6,176,Yes,Midscale,57,5,3,No,No,No,Yes,No,No,No
741852598476312731,Walton-on-the-Naze,26093,128.53,71,286,56,7,Moderate,2,Moderate,3,1.5,9,166,Yes,Upscale,80,4.82,17,No,No,No,Yes,No,No,No
629729585475513555,Walton-on-the-Naze,27756,143.07,70,276,126,7,Moderate,3,Individual,3,1.5,5,140,Yes,Upscale,90,4.97,99,No,No,No,Yes,No,Yes,No
609035663957934958,Walton-on-the-Naze,42079,184.56,65,352,47,11,High,3,Individual,3,2.5,6,225,Yes,Upscale,14,4.95,21,No,No,No,Yes,No,No,No
909283384817701238,Walton-on-the-Naze,42543,162.38,83,317,84,17,Moderate,4,Moderate,3,2,6,219,Yes,Upscale,49,5,5,No,No,No,Yes,No,Yes,No
